{"cameraMode":{"drawMode":0,"name":"Shaded","section":"Shading Mode"},"sceneLighting":true,"audioPlay":false,"sceneViewState":{"m_AlwaysRefresh":false,"showFog":true,"showSkybox":true,"showFlares":true,"showImageEffects":true,"showParticleSystems":true,"showVisualEffectGraphs":true,"m_FxEnabled":true},"in2DMode":false,"pivot":{"x":-2.8797309398651125,"y":-0.23342327773571015,"z":-1.7949445247650147},"rotation":{"x":0.2822270393371582,"y":-0.10336285829544068,"z":0.030640803277492524,"w":0.9533883333206177},"size":11.221495628356934,"orthographic":false}